{"Mon_Morning":{"0":[40.72938,-73.97773],"1":[40.7274,-73.98143],"2":[40.72521,-73.97769],"3":[40.78414,-73.98363],"4":[40.7211,-73.99193],"5":[40.72299,-73.97996],"6":[40.7185,-73.9833],"7":[40.71622,-73.98262],"8":[40.79534,-73.96186],"9":[40.78057,-73.98563]},"Mon_Night":{"0":[40.7551,-73.97499],"1":[40.75992,-73.97649],"2":[40.75828,-73.9707],"3":[40.75527,-73.98317],"4":[40.7546,-73.97188],"5":[40.76439,-73.97372],"6":[40.75714,-73.97208],"7":[40.70717,-74.00888],"8":[40.74096,-73.98603],"9":[40.75139,-74.00523]},"Tue_Morning":{"0":[40.72938,-73.97773],"1":[40.71622,-73.98262],"2":[40.75128,-73.99693],"3":[40.72521,-73.97769],"4":[40.79818,-73.9606],"5":[40.79126,-73.96484],"6":[40.7274,-73.98143],"7":[40.79948,-73.95562],"8":[40.7783,-73.94882],"9":[40.71269,-73.98777]},"Tue_Night":{"0":[40.7551,-73.97499],"1":[40.75992,-73.97649],"2":[40.75828,-73.9707],"3":[40.75527,-73.98317],"4":[40.75899,-73.96866],"5":[40.72243,-74.00567],"6":[40.7546,-73.97188],"7":[40.70365,-74.01168],"8":[40.75714,-73.97208],"9":[40.755,-73.98015]},"Wed_Morning":{"0":[40.7274,-73.98143],"1":[40.72938,-73.97773],"2":[40.7775,-73.98889],"3":[40.71622,-73.98262],"4":[40.78679,-73.97712],"5":[40.72299,-73.97996],"6":[40.77705,-73.97899],"7":[40.7185,-73.9833],"8":[40.77112,-73.95773],"9":[40.72368,-73.97575]},"Wed_Night":{"0":[40.74034,-73.98956],"1":[40.75992,-73.97649],"2":[40.70463,-74.01362],"3":[40.6976,-73.99345],"4":[40.72905,-73.95779],"5":[40.74854,-73.98809],"6":[40.74487,-73.9953],"7":[40.72923,-73.99087],"8":[40.74971,-74.00296],"9":[40.75097,-73.98766]},"Thu_Morning":{"0":[40.72938,-73.97773],"1":[40.7274,-73.98143],"2":[40.75898,-73.9938],"3":[40.72521,-73.97769],"4":[40.78679,-73.97712],"5":[40.72087,-73.98086],"6":[40.7714,-73.95352],"7":[40.71622,-73.98262],"8":[40.78018,-73.97729],"9":[40.72955,-73.98058]},"Thu_Night":{"0":[40.75992,-73.97649],"1":[40.7551,-73.97499],"2":[40.75828,-73.9707],"3":[40.75527,-73.98317],"4":[40.70463,-74.01362],"5":[40.69977,-73.97993],"6":[40.75971,-73.97403],"7":[40.7635,-73.9711],"8":[40.70717,-74.00888],"9":[40.75001,-73.96906]},"Fri_Morning":{"0":[40.72938,-73.97773],"1":[40.7274,-73.98143],"2":[40.78679,-73.97712],"3":[40.71622,-73.98262],"4":[40.72521,-73.97769],"5":[40.76087,-74.00278],"6":[40.78018,-73.97729],"7":[40.72299,-73.97996],"8":[40.71739,-73.98017],"9":[40.79416,-73.97413]},"Fri_Night":{"0":[40.75992,-73.97649],"1":[40.7551,-73.97499],"2":[40.75828,-73.9707],"3":[40.75187,-73.97771],"4":[40.75527,-73.98317],"5":[40.74034,-73.98956],"6":[40.72243,-74.00567],"7":[40.70463,-74.01362],"8":[40.76439,-73.97372],"9":[40.78948,-73.95243]},"Sat_Noon":{"0":[40.79126,-73.96484],"1":[40.76439,-73.97372],"2":[40.72066,-73.98518],"3":[40.77152,-73.99055],"4":[40.77966,-73.98094],"5":[40.77705,-73.97899],"6":[40.66106,-73.97946],"7":[40.78679,-73.97712],"8":[40.78339,-73.98094],"9":[40.67933,-73.9752]},"Sun_Noon":{"0":[40.72299,-73.97996],"1":[40.79948,-73.95562],"2":[40.72217,-73.98369],"3":[40.75323,-73.97033],"4":[40.80134,-73.97115],"5":[40.75158,-73.97791],"6":[40.71167,-73.95142],"7":[40.72066,-73.98518],"8":[40.72368,-73.97575],"9":[40.69008,-73.94792]}}
